project,domain,first_seen,last_updated,need,why_hot,verdict,status,last_checked,source_url,notes
GPT-5.4,基础模型 / 平台,2026-03-09,2026-04-01,复杂专业任务、长上下文处理、多工具协同,OpenAI 在 72 小时窗口内推出新旗舰,主打 100 万 token 上下文、更强工具调用与更低错误率,开发者和企业都会第一时间评估替换价值,2026-04-01,活跃,OpenAI 完成 $1220 亿融资、估值 $8520 亿；产品线收缩但核心模型持续迭代
Cursor Automations,AI 编程 / 开发工具,2026-03-09,2026-03-09,管理越来越多 coding agents、自动触发工程流程,把定时器、Slack、GitHub PR、PagerDuty 等事件直接接到常驻 coding agent 上,正好击中 AI 写码后运维与审查跟不上的痛点,真需求,2026-04-01,2026-03-09,https://cursor.com/blog/automations
Amazon Connect Health,医疗 / 健康 AI,2026-03-09,2026-03-09,预约、患者验证、文书、编码等医疗行政流程自动化,AWS 把 HIPAA 合规、EHR 集成和语音/agent 工作流一起打包,切中医疗机构最愿意付费的降本环节,真需求,2026-04-01,2026-03-09,https://aws.amazon.com/blogs/industries/introducing-amazon-connect-health-agentic-ai-for-healthcare-built-for-the-people-who-deliver-it/
Luma Agents,多模态生成 / 创意工具,2026-03-09,2026-03-09,广告、营销和品牌团队的一站式多模态创意生成与迭代,统一多模态 agent叙事很强,且能同时调度图像、视频、音频模型,演示效果极易传播,2026-04-01,活跃,2026-03-09
DiligenceSquared,企业服务 / SaaS,2026-03-09,2026-03-09,降低并购尽调中的访谈和商业研究成本,把 AI 语音访谈与人工校验结合,把原本几十万到上百万美元的尽调报告压到更低价位,不确定,2026-04-01,活跃,种子轮后无后续公开报道，运营状态不明
Codex Security,AI 编程 / 开发工具,2026-03-09,2026-03-09,在 AI 加速发版后,补上应用安全审计与修复速度,OpenAI 把安全扫描、验证和补丁建议做成研究预览,"踩中了""代码写得更快但安全团队跟不上""的新瓶颈",2026-04-01,活跃,2026-03-09
Claude Code Remote Control,AI 编程 / 开发工具,2026-03-09,2026-03-09,让本机上长时间运行的 coding session 可以被手机和网页远程续跑与查看,Anthropic 把本地 Claude Code 会话延伸到移动端,"正好击中""离开电脑但 agent 还在跑""的高频场景",开发者传播性很强,2026-04-01,活跃,2026-03-09
Crawler.sh,搜索 / 研究工具,2026-03-09,2026-03-09,本地抓站、AEO/SEO 检查、网页转 Markdown,方便研究、索引和内容整理,本地优先 + 桌面化 + 低门槛抓取正好踩中 AI 检索和内容工作流;在 Product Hunt 近一周热度靠前,半真需求,2026-04-01,2026-03-09,https://crawler.sh/changelog/v020-desktop-app/
Promptfoo(OpenAI 收购),AI 编程 / 开发工具,2026-03-10,2026-03-10,给 LLM、Agent 与 RAG 工作流做安全测试、红队评估与合规检查,OpenAI 宣布收购 Promptfoo,并计划把其自动红队、工作流安全评估与风险监控能力整合进 OpenAI Frontier,说明 Agent 安全开始从边缘功能变成平台必需品,2026-04-01,活跃,2026-03-10
Claude Code Review,AI 编程 / 开发工具,2026-03-10,2026-03-10,在 AI 大量生成代码后,自动完成 PR 级逻辑审查,缓解人工 review 瓶颈,Anthropic 在 Claude Code 内推出 Code Review,2026-04-01,"用多 agent 并行找逻辑错误;这正对应企业里""代码产出暴涨、review 跟不上""的真实痛点",真需求
Always On Memory Agent,AI Agent / 自动化,2026-03-10,2026-03-10,让长期运行的 Agent 持续摄取、整理并调用记忆,而不是每次会话都重置上下文,Google 产品经理开源 Always On Memory Agent,用 ADK + Gemini 3.1 Flash-Lite 做持续记忆层,2026-04-01,半真需求,活跃
Autoresearch,基础模型 / 平台,2026-03-10,2026-04-01,用 Agent 自动迭代模型训练实验,降低研究调参的人力消耗,Karpathy 3 月 7 日开源 autoresearch,仓库创建几天内已冲到约 1.6 万 star、2000+ fork,2026-04-01,典型 GitHub 热度型项目,"62,741 stars，Karpathy 持续维护，最后推送 3/26"
MiroFish,AI Agent / 自动化,2026-03-11,2026-04-01,用多 Agent 仿真来做舆情、政策、金融与创意场景的预测和推演,3 月 7 日登顶 GitHub Trending,"单日拿到约 4469 stars;同时""大学生 10 天做出 + 盛大孵化/投资""的传播叙事放大了讨论度",降温,2026-04-01,2026-03-11,"47,017 stars 但最后推送停在 3/20，两周无更新，典型一次性爆红后沉寂"
PageAgent,AI Agent / 自动化,2026-03-11,2026-03-12,让用户直接在网页里用自然语言操作表单、按钮和后台流程,降低 SaaS 复杂界面的使用门槛,阿里开源的 in-page GUI agent 最近在 GitHub 与 HN 同时升温;它不靠截图或 headless browser,而是直接基于 DOM 工作,2026-04-01,真需求,活跃
Hermes Agent,AI Agent / 自动化,2026-03-11,2026-04-03,让个人或团队拥有长期运行、跨会话连续、可调度且能多入口访问的常驻 Agent,"本周 Python Trending 周增 8,214 stars，总 22,719；forks 2,857",半真需求,活跃,2026-04-03,https://github.com/NousResearch/hermes-agent,"22,719 stars，本周+8,214；star 增长快但生产部署案例仍不明确"
Agent 365,企业服务 / SaaS,2026-03-11,2026-03-11,给企业内部快速增长的 AI Agent 提供可观测性、治理、权限控制与安全审计,微软宣布 Agent 365 GA,"把""double agents""安全叙事和控制平面产品一起推出;说明企业市场开始从""先上 Agent""转向""先治理 Agent""",真需求,2026-04-01,2026-03-11,https://venturebeat.com/technology/microsoft-says-ungoverned-ai-agents-could-become-corporate-double-agents-its
Perplexity Computer for Enterprise,企业服务 / SaaS,2026-03-12,2026-03-12,把跨 Slack、邮件、Notion、数据库和网页的知识工作打包成可交付结果,而不只是回答问题,Perplexity 在 Ask 2026 上把 Computer 从消费端推向企业,强调多模型编排、Slack/Snowflake 连接和大量企业询盘,2026-04-01,真需求,活跃
InterPositive,多模态生成 / 创意工具,2026-03-12,2026-03-12,帮助影视后期团队基于自有素材修连续性、补镜头环境和做编辑增强,"而不是生成""假演员""",Netflix 收购 Ben Affleck 参与创立的 InterPositive,"把""生成式 AI 进入影视生产工具链""从概念讨论推到真实并购与平台整合层面",2026-04-01,被收购,2026-03-12
Claude Marketplace,企业服务 / SaaS,2026-03-12,2026-03-12,让企业在已有 Anthropic 预算下更方便采购和统一管理 Claude 驱动的第三方工具,而不是分别走采购和结算流程,Anthropic 推出 Claude Marketplace,"把 GitLab、Replit、Harvey、Snowflake 等伙伴工具并入同一采购入口;热度来自""模型公司开始做 AI 应用分发与结算层""",2026-04-01,活跃,2026-03-12
Armadin,企业服务 / SaaS,2026-03-13,2026-03-13,在 AI 攻击提速后,用自动化安全代理补上威胁发现、模拟与响应速度,Mandiant 创始人 Kevin Mandia 新公司刚宣布 1.899 亿美元超大早期融资,主打 autonomous cybersecurity agents,2026-04-01,真需求,活跃
Dify,基础模型 / 平台,2026-03-13,2026-03-13,让企业把 AI 工作流从 demo 变成可部署、可观测、可维护的生产系统,Dify 宣布完成 3000 万美元 Pre-A 融资,并强调其开源平台已运行在 140 万台机器、服务 280 家企业,"说明""Agent 平台层""开始被资本与企业一起验证",2026-04-01,活跃,2026-03-13
Moltbook,AI Agent / 自动化,2026-03-13,2026-03-13,为 AI Agent 提供持续在线的目录与互动空间,让 Agent 彼此发现、协作或形成网络效应,"Meta 收购了这个因""AI 机器人社交网络""爆红的项目;话题性极强",同时也因为早期伪装发帖与安全问题引发巨大争议,2026-04-01,被收购,2026-03-13
DeerFlow 2.0,AI Agent / 自动化,2026-03-13,2026-04-01,把研究、编码、检索、文件操作等复杂任务拆给多个子 Agent,并在长流程里维持记忆、工具和执行环境。,"更新：stars 54,008，本周+18,158（周榜第三）；forks 6,507",半真需求,2026-04-01,2026-03-31,"55,257 stars，本周+13,560，GitHub Trending 周榜第四；字节持续投入，从 SuperAgent harness 方向扩展"
Forethought,企业服务 / SaaS,2026-03-14,2026-03-14,把客服问答、分流、工单处理与部分流程执行自动化,降低人工客服成本并提升响应速度,Zendesk 3 月 11 日宣布收购 Forethought,并明确会把其能力整合进 Resolution Platform,2026-04-01,真需求,被收购
CLI-Anything,AI 编程 / 开发工具,2026-03-14,2026-04-01,让原本只面向人类 GUI 的软件快速拥有可被 AI Agent 调用的 CLI 接口,降低软件接入 agent 工作流的门槛,GitHub 热度发现:HKUDS/CLI-Anything 近 72 小时在 GitHub Trending 明显升温,搜索结果显示 star 从约 5.1k 快速冲到约 10k+,2026-04-01,真需求,"25,634 stars（从 ~10k 翻倍+），最后推送 3/30，持续活跃"
The Agency,AI Agent / 自动化,2026-03-14,2026-04-01,为个人或小团队快速拼装一套多角色 AI 团队模板,覆盖前端、后端、营销、文档等分工,GitHub 热度发现:msitarzewski/agency-agents 在近几天迅速爆红,搜索结果显示 star 已升到约 3.7 万,2026-04-01,"说明""多角色 agent 团队模板化""叙事正在快速传播","67,463 stars，多角色 agent 团队模板持续增长"
Legora,企业服务 / SaaS,2026-03-14,2026-03-14,帮助律师和法务团队做研究、审阅、起草与多步骤法律工作流自动化,Legora 在 3 月 11 日宣布收购 Walter AI,强调 end-to-end matter management with fleets of agents;同周又披露 5.5B 美元估值与 5.5 亿美元 Series D,说明法律 AI 正从 copilot 走向 agentic workflow 平台,2026-04-01,活跃,2026-03-14
Wonderful,企业服务 / SaaS,2026-03-15,2026-03-15,把客服场景里的多语言问答、流程处理与系统集成做成可落地的企业 AI agent,13 个月内再拿 1.5 亿美元 B 轮、估值到 20 亿美元,且强调已在 30 个国家部署,说明市场买单的不是 demo,2026-04-01,真需求,活跃
OpenViking,基础模型 / 平台,2026-03-15,2026-03-15,给 AI Agent 做统一的上下文数据库,把 memory、resource、skill 不再分散在向量库、文件和临时上下文里,GitHub Trending 日榜约 1557 stars today、周榜约 4572 stars;把 Agent 记忆和检索改写成文件系统范式,这个叙事对开发者吸引力很强,2026-04-01,活跃,2026-03-15
Lightpanda,AI 编程 / 开发工具,2026-03-15,2026-03-15,为 AI agent、抓取和测试提供更轻量更快的 headless browser,降低浏览器自动化的资源成本,GitHub Trending 日榜约 2100 stars today,README 直接打出 9x less memory 和 11x faster than Chrome 的性能叙事,2026-04-01,真需求,活跃
Qutwo,基础模型 / 平台,2026-03-15,2026-03-15,给企业提供一个编排层,让 AI 工作负载未来可以在经典计算、量子启发式计算甚至量子硬件之间切换,Peter Sarlin 卖掉 Silo AI 给 AMD 后转身做新公司,降温,2026-04-01,半真需求,量子+AI 叙事冷却，近一个月无重大进展报道
Nyne,AI Agent / 自动化,2026-03-16,2026-03-16,给 AI agent 补上跨平台的人类身份与兴趣上下文,帮助它们做更准确的销售、推荐与触达决策,TechCrunch 3 月 13 日报道其获 530 万美元种子轮,不确定,2026-04-01,半真需求,种子轮融资后信息断层，无法确认运营状态
Rox AI,销售 / 营销,2026-03-16,2026-03-16,把销售团队分散在 CRM、客服、账户监控和线索研究里的重复工作自动化,TechCrunch 3 月 12 日称其新一轮融资估值约 12 亿美元,且公司定位为 revenue operating system,可在 Salesforce、Zendesk 等系统上部署数百个销售 agent,2026-04-01,真需求,活跃
GitNexus,AI 编程 / 开发工具,2026-03-16,2026-03-16,给 AI coding agent 提供更深的代码库结构理解,减少跨文件修改时漏依赖、断调用链和盲改,GitHub Trending 近 24 小时显示其热度明显上升;项目主打把仓库索引成知识图谱,并通过 CLI + MCP 接给 Claude Code、Cursor 等工具,2026-04-01,真需求,活跃
InsForge,AI 编程 / 开发工具,2026-03-16,2026-03-16,让 AI coding agent 能直接理解并操作数据库、认证、存储、函数和部署等后端原语,"降低""会写代码但不会把系统跑起来""的落差",GitHub Trending 显示其近 24 小时明显升温;项目把 backend primitives 包成 agent 可理解的 semantic layer,正好踩中 agentic development 从前端生成走向全栈交付的趋势,2026-04-01,活跃,2026-03-16
Claude-Mem,AI 编程 / 开发工具,2026-03-17,2026-04-01,给 Claude Code 和长流程 coding agent 补上跨会话记忆,避免每次从零开始,"GitHub Trending 显示其总 stars 约 3.67 万且今日新增约 1000+;它直接踩中""agent 会做事但不记得昨天做过什么""的高频痛点",真需求,2026-04-01,2026-03-17,"44,082 stars（从 ~3.67 万增到 4.4 万），跨会话记忆需求持续爆发"
Deep Agents,AI Agent / 自动化,2026-03-17,2026-04-01,给开发者一个开箱即用的 agent harness,把 planning、文件读写、shell、subagents 和上下文管理一次性配齐,LangChain 把类 Claude Code 的 agent 脚手架做成可直接复用的开源项目;GitHub Trending 显示其总 stars 约 1.28 万且今日新增约 1200+,真需求,2026-04-01,2026-03-17,"18,406 stars（从 ~1.28 万增到 1.84 万），LangChain agent harness 方向持续推进"
AgentMail,AI Agent / 自动化,2026-03-17,2026-03-17,让 AI agent 拥有可独立注册和使用的邮箱身份,便于跨服务执行真实工作流,"Crunchbase 近几天报道其获 600 万美元种子轮;""agent 需要身份与 inbox""这套基础设施叙事很新也很容易引发讨论",半真需求,2026-04-01,2026-03-17,https://news.crunchbase.com/venture/interesting-startup-deals-robots-ai-agent-inboxes-defense-space-tech/
Rebar,企业服务 / SaaS,2026-03-17,2026-03-17,用 AI 读取 HVAC 蓝图并生成物料清单和报价,压缩极其手工的估价流程,Crunchbase 报道其完成 1400 万美元 Series A,且称 2026 年前六周 ARR 翻倍;这是少见的高 ROI 垂直 AI 叙事,2026-04-01,活跃,2026-03-17
Picsart Agents,多模态生成 / 创意工具,2026-03-18,2026-03-18,帮创作者把改图、批量换风格、改尺寸和店铺素材优化等重复创意工作半自动化,Picsart 上线 AI agent marketplace,先推 Flair、Resize Pro、Remix、Swap 四个代理,并支持通过 Telegram/WhatsApp 交互;130M 用户基础让它比普通 demo 更容易获得真实分发,2026-04-01,活跃,2026-03-18
GLM-5-Turbo,基础模型 / 平台,2026-03-18,2026-03-18,给 agent、自动化和长链任务提供更便宜、更稳定的基础模型选项,Z.ai 发布面向 agent workflow 的专用 Turbo 版本,强调长链执行、工具调用和更低 tool call error rate;同时把它接入 GLM Coding 订阅,价格也压到较低区间,2026-04-01,活跃,2026-03-18
Superpowers,AI 编程 / 开发工具,2026-03-18,2026-04-01,让 coding agent 在写代码前先做需求澄清、规划、TDD 和审查,"减少""先乱写再返工""",GitHub 热度发现:GitHub Trending 显示该仓库本周新增约 13.2k stars、今日约 3k stars;它把 skill+方法论+子 agent 流程整合到 Claude/Cursor/Codex/OpenCode 等环境里,传播性极强,2026-04-01,活跃,"128,161 stars，Claude Code 生态最大项目之一；GitHub Trending 日榜持续出现"
Claude HUD,AI 编程 / 开发工具,2026-03-18,2026-04-01,让开发者实时看到 Claude Code 的上下文占用、工具动作、子 agent 状态和 todo 进度,"降低""黑盒感""",GitHub 热度发现:GitHub Trending 日榜显示 claude-hud 今日新增约 454 stars;它直接解决大家在长会话 coding agent 中最焦虑的可见性问题,真需求,2026-04-01,2026-03-18,"15,746 stars（从 ~454/天到稳定增长），开发者对 agent 可见性需求持续"
Hindsight,AI Agent / 自动化,2026-03-18,2026-03-18,让 agent 不只是记住对话,"而是长期保留事实、经验和""反思""结果",从而逐步学会做事,GitHub 热度发现:GitHub Trending 周榜显示该仓库本周新增约 1.6k stars;它把长期记忆包装成 retain/recall/reflect 三步 API,2026-04-01,半真需求,活跃
Alibaba Qwen Enterprise Agent,企业服务 / SaaS,2026-03-19,2026-03-21,让企业把 AI 从聊天窗口推进到真实流程里,直接接入浏览器、云服务器和内部业务系统执行任务,阿里从前几天的 AI 战略表态,进一步落到正式的企业 AI agent platform 发布;Reuters 报道其面向企业推出自动化平台,2026-04-01,而是在加速产品化落地,真需求
Open SWE,AI 编程 / 开发工具,2026-03-19,2026-03-19,让企业或团队快速搭建能在 Slack、Linear、GitHub 里持续工作的异步 coding agent,GitHub 热度发现:GitHub Trending 日榜显示其今日约新增 454 stars;它把云沙箱、子 agent、自动开 PR 和工作流接入打包成可复用架构,真需求,活跃,2026-04-01,https://github.com/langchain-ai/open-swe,GitHub 热度发现:更像企业内部 SWE agent 脚手架;值得跟踪权限边界、误改代码率和长期维护成本
Unsloth Studio,基础模型 / 平台,2026-03-19,2026-03-19,让个人开发者和小团队用统一 Web UI 在本地或私有环境里运行、微调和导出开源模型,GitHub 热度发现:Unsloth 最近登上 GitHub Trending,把本地推理、训练、导出和多模态文件交互合成一个入口,正好踩中开发者对本地可控 AI 工作流的兴趣,2026-04-01,活跃,2026-03-19
MaxKB,企业服务 / SaaS,2026-03-19,2026-03-19,让企业更快把文档问答、知识库、工作流和 MCP 工具接成可部署的企业级 agent,GitHub 热度发现:进入 GitHub Python Trending;相比万能 agent 叙事,它更强调知识库、工作流和系统集成,这种务实路线更容易被企业接受,2026-04-01,活跃,2026-03-19
Xiaomi Hunter Alpha,基础模型 / 平台,2026-03-20,2026-03-20,给开发者和企业提供新的高性能基础模型选择,尤其是在中国市场寻找 DeepSeek、Qwen 之外的新供给时,"路透社 3 月 18 日报道其先以""神秘模型""身份引发开发者猜测",降温,2026-04-01,活跃,初始话题性消退后缺乏后续产品动态
Nvidia Agent Toolkit,企业服务 / SaaS,2026-03-20,2026-03-20,把企业做 Agent 需要的模型、runtime、安全框架和优化组件打包,降低 enterprise agent stack 的集成复杂度,Nvidia 在 GTC 2026 推出 Agent Toolkit,并点名 Adobe、Salesforce、SAP、ServiceNow 等 17 家企业软件公司采用,2026-04-01,真需求,活跃
OpenDataLoader PDF,搜索 / 研究工具,2026-03-20,2026-03-20,把 PDF 更可靠地转成适合 RAG、引用和结构化处理的 Markdown/JSON/HTML,解决 AI 工作流里的 PDF 解析难题,GitHub Trending 显示该仓库今日约新增 1394 stars;项目强调 benchmark 靠前、支持 OCR/表格/复杂版面,并切入 PDF 可访问性自动化,2026-04-01,活跃,2026-03-20
OpenSandbox,AI Agent / 自动化,2026-03-20,2026-03-20,给 coding agent、GUI agent、代码执行和评测提供统一且隔离的沙箱运行层,补上 agent 进入生产前的安全与执行环境问题,GitHub Trending Python 榜显示其今日约新增 206 stars;阿里把 SDK、统一 API、Docker/Kubernetes runtime、网络策略和强隔离一起打包,正好踩中企业部署 agent 的新阶段,2026-04-01,活跃,2026-03-20
Baidu DuClaw,企业服务 / SaaS,2026-03-21,2026-03-21,让企业或团队零部署地上线和使用 AI agent,并在桌面、移动端和云端之间协同,Reuters 报道百度推出由 DuMate 桌面助手、RedClaw 移动平台和 DuClaw 云服务组成的 agent 生态,明显是在抢多端一体化 Agent 入口,2026-04-01,活跃,2026-03-21
Microsoft APM,AI 编程 / 开发工具,2026-03-21,2026-03-21,给 AI coding agent 提供可版本化、可复用、可审计的依赖管理,让 skills、prompts、plugins、hooks 和 agent 配置能跟项目一起分发,GitHub 热度发现:microsoft/apm 登上 GitHub Trending Python 榜;它把 agent 配置做成类似 npm/pip 的依赖管理层,正好击中团队协作阶段的工程化痛点,2026-04-01,活跃,2026-03-21
OpenAI Desktop Superapp,基础模型 / 平台,2026-03-22,2026-03-22,把聊天、编码和浏览能力收进同一个桌面入口,减少用户在多个 AI 界面之间来回切换,Reuters 3 月 19 日报道称 OpenAI 计划把 ChatGPT、Codex 和浏览器整合成桌面 superapp;这说明头部厂商开始争夺 AI 时代的默认工作台入口,而不只是单点模型份额,2026-04-01,活跃,2026-03-22
Context Hub,AI 编程 / 开发工具,2026-03-22,2026-04-01,给 coding agent 提供可验证、可版本化的官方文档与本地注释记忆,降低 API 幻觉和过期文档导致的错误,GitHub 热度发现:andrewyng/context-hub 本周进入 GitHub Trending,"约 11.3k stars、周增约 5.1k;它把""给 agent 喂正确文档""做成独立上下文层",2026-04-01,真需求,"12,383 stars，Andrew Ng 背书稳定"
Claude Plugins Official,AI 编程 / 开发工具,2026-03-22,2026-03-22,让 Claude Code 用户更方便安装、发现和复用插件,把 MCP、命令、agent、skills 打包成可分发扩展,GitHub 热度发现:Anthropic 官方插件目录仓库已约 13.9k stars,并进入 GitHub Trending 视野;这说明 Claude Code 正从单一工具走向插件生态和分发层,2026-04-01,活跃,2026-03-22
vLLM-Omni,基础模型 / 平台,2026-03-22,2026-04-01,让多模态模型的推理与服务部署更高效,覆盖文本、图像、视频和音频等混合输入输出场景,GitHub 热度发现:vllm-project/vllm-omni 登上 GitHub Trending,仓库约 3.5k stars;其 0.16.0 更新把 Qwen3-Omni、Qwen3-TTS、GLM-Image 等能力纳入统一 serving 框架,2026-04-01,真需求,"4,061 stars（+561 vs 上月），GitHub Trending Python 周榜持续出现"
ClawBot(WeChat × OpenClaw),AI Agent / 自动化,2026-03-23,2026-03-23,把 AI agent 直接嵌进高频聊天入口,让用户在熟悉的微信对话里下达任务,而不是再学一个新 App。,Reuters 3 月 22 日报道称腾讯把 WeChat 接入 OpenClaw agent,2026-04-01,而是把 agent 放进十亿级分发入口。,真需求
World AgentKit,AI Agent / 自动化,2026-03-23,2026-03-23,"给 agentic commerce 补一层""真人授权""验证",降低 AI 代购、自动下单和批量刷单带来的欺诈与滥用风险。,TechCrunch 3 月 17 日报道 World 推出 AgentKit beta,把 World ID 与 x402 支付协议结合,2026-04-01,半真需求,活跃
CompactifAI API,基础模型 / 平台,2026-03-23,2026-03-23,让企业用更小、更便宜、可本地运行的压缩模型完成聊天、推理和 agent 工作流,减少对云算力与外部基础设施的依赖。,TechCrunch 3 月 19 日称 Multiverse Computing 正把压缩模型推向主流:一边上线 CompactifAI app 展示本地离线能力,一边上线自助 API portal,2026-04-01,真需求,活跃
everything-claude-code,AI 编程 / 开发工具,2026-03-23,2026-04-01,给 coding agent 补齐可复用的技能、规则、记忆、安全扫描和工作流,让团队不必从零调 Claude Code/Codex/Cursor。,"GitHub 热度发现:3 月 23 日 GitHub Trending 显示该仓库约 9.8 万 stars、单日新增约 3735 stars;README 里已从""配置包""升级为跨 harness 的完整性能优化系统",生态扩张非常明显。,2026-04-01,活跃,"126,801 stars（从 ~9.8 万增到 12.7 万），本周+19,869；GitHub Trending 全榜；agent harness 优化系统生态扩张持续"
notebooklm-py,搜索 / 研究工具,2026-03-23,2026-03-23,把 NotebookLM 从网页产品变成可编程研究引擎,方便批量导入资料、自动研究、生成播客/视频/测验,并接入 CLI 与 AI agent。,GitHub 热度发现:3 月 23 日 GitHub Python Trending 显示该项目约 6990 stars;它不仅做了非官方 Python API,2026-04-01,因此在开发者圈快速升温。,半真需求
TradingAgents,AI Agent / 自动化,2026-03-24,2026-04-01,把股票研究、情绪分析、新闻研判、风控和交易决策拆成多个 agent 协作,降低个人做系统化交易研究的门槛。,更新：stars 从约 3.92 万增至约 4.08 万，今日新增约 1746，连续两天在 GitHub Trending 前列；中文版 fork TradingAgents-CN 也同步上榜,半真需求,2026-04-01,2026-03-25,"45,194 stars（从 ~4.08 万增到 4.5 万），本周+4,848；中文 fork TradingAgents-CN 22,419 stars"
browser-use,AI Agent / 自动化,2026-03-24,2026-04-01,让 AI agent 能稳定操作真实网站,把表单、检索、登录后网页流程和在线任务自动化。,GitHub 热度发现:GitHub Trending 日榜显示其今日约新增 1160 stars、总 stars 约 8.36 万;项目同时把开源库、CLI 与 Browser Use Cloud 打通,"主打""让网站对 AI agent 可用""",2026-04-01,真需求,"85,341 stars，稳步增长；网站自动化 agent 赛道领先"
n8n-MCP,AI Agent / 自动化,2026-03-24,2026-04-01,让 Claude Code、Cursor 等 AI 助手直接理解 n8n 节点、模板和工作流结构，减少手搓自动化流程的时间。,"GitHub 热度发现：GitHub Trending 日榜显示其今日约新增 136 stars、总 stars 约 1.6 万；项目不只是文档镜像，还提供 2709 个模板、上千节点与 API/管理能力，直接踩中""AI 生成工作流""需求。",真需求,活跃,2026-04-01,https://github.com/czlonkowski/n8n-mcp,"17,216 stars（从 ~1.6 万增到 1.72 万）"
Supermemory,基础模型 / 平台,2026-03-25,2026-04-01,给 AI 补上跨会话持久记忆、用户画像、事实提取和上下文管理，解决对话即失忆的问题,约 1.85 万 stars，LongMemEval/LoCoMo/ConvoMem 三大记忆评测第一；统一记忆系统+连接器+多模态处理，开发者一行代码接入,真需求,活跃,2026-04-01,https://github.com/supermemoryai/supermemory,"20,764 stars（从 ~1.85 万增到 2.08 万），稳步增长"
Ruflo,AI Agent / 自动化,2026-03-25,2026-04-01,给 Claude Code/Codex 用户提供多 agent swarm 编排、RAG 集成和分布式工作流管理,约 2.5 万 stars，今日新增约 1397；主打企业级 agent 编排+swarm intelligence+原生 Claude 集成，在 GitHub Trending 全榜前列,真需求,活跃,2026-04-01,https://github.com/ruvnet/ruflo,"28,989 stars（从 ~2.5 万增到 2.9 万），多 agent swarm 编排"
Strix,AI 编程 / 开发工具,2026-03-25,2026-04-01,用 AI agent 模拟真实黑客行为做安全测试，自动生成 PoC 并修复漏洞，替代手动渗透测试,GitHub Trending Python 榜出现；主打动态运行+真实验证+CI/CD 集成+自动修复 PR，开发者安全测试门槛大幅降低,真需求,活跃,2026-04-01,https://github.com/usestrix/strix,"22,925 stars，AI 渗透测试工具持续增长；本周+1,616"
GitHub Spec-Kit,AI 编程 / 开发工具,2026-03-25,2026-04-01,让开发者用规格驱动开发替代 vibe coding，把需求规格做成可执行、可生成实现的一等公民,GitHub 官方开源项目，支持 Claude/Cursor/Codex 等 AI agent；推翻传统'先写代码再补文档'的流程，把 spec 提升为生成源,真需求,活跃,2026-04-01,https://github.com/github/spec-kit,"84,135 stars，Spec-Driven Development 被广泛采纳；GitHub 官方背书"
last30days-skill,搜索 / 研究工具,2026-03-25,2026-04-01,给 AI agent 补上跨平台趋势研究能力，自动聚合 Reddit/X/YouTube/HN/Polymarket 等信号源做 30 天话题摘要,"更新：stars 15,258（今日+1,186），连续五天 GitHub Trending Python 日榜",半真需求,活跃,2026-04-01,https://github.com/mvanhorn/last30days-skill,"16,890 stars（从 ~5k 到 1.69 万），本周+11,933；GitHub Trending Python 周榜第一；agent skill 概念红利"
Crucix,AI Agent / 自动化,2026-03-25,2026-04-01,把 27 个公开情报源聚合到本地仪表盘，每 15 分钟刷新，接 LLM 变双向情报助手,GitTrends 周增长率 14.4 倍，本周 GitHub 增速最快项目之一；Jarvis 式情报系统+零云依赖+一行启动的叙事传播性极强,半真需求,活跃,2026-04-01,https://github.com/calesthio/Crucix,"8,084 stars，OSINT 情报工具"
Project NOMAD,其他,2026-03-25,2026-04-01,把离线百科、医疗手册、教育课程、地图、AI 聊天和加密工具打包成可在任何设备跑的自包含系统,约 1.52 万 stars，今日新增约 2450；一行安装+浏览器访问+集成 Ollama/Kiwix/Kolibri/Qdrant，生存计算机叙事天然适合传播,真需求,活跃,2026-04-01,https://github.com/Crosstalk-Solutions/project-nomad,"20,702 stars（从 ~1.52 万增到 2.07 万），本周+6,272；离线 AI 系统持续吸引开发者"
Obsidian Skills,AI Agent / 自动化,2026-03-26,2026-04-01,"让 AI agent 深度读写个人知识库（Markdown、Bases、JSON Canvas），把知识管理从""人用工具""升级为""agent 可操作数据层""","Obsidian CEO kepano 亲自开源，遵循 Agent Skills 规范，GitHub Trending 约 16,422 stars",真需求,活跃,2026-04-01,https://github.com/kepano/obsidian-skills,"18,624 stars，kepano 开源；agent 进入个人知识管理标志性项目"
MiniMind 3,教育,2026-03-26,2026-04-01,用 1 张 3090、3 块钱、2 小时从零训练 64M 参数 GPT，覆盖预训练到 Agentic RL 全链路,"GitHub Trending 约 42,643 stars；新版对齐 Qwen3 生态，新增 Agentic RL 和自适应思考，从教学玩具升级为有实战参考价值的代码库",真需求,活跃,2026-04-01,https://github.com/jingyaogong/minimind,"45,121 stars，本周+2,039；LLM 教育项目中罕见的持续热度"
Claude Subconscious,AI 编程 / 开发工具,2026-03-26,2026-04-01,给 Claude Code 加跨会话持久记忆和后台上下文推送，解决每次会话从零开始的问题,"Letta 开源，GitHub 约 1,429 stars；卖点是后台 agent 默默监听会话、读代码库、积累记忆、下次 prompt 前耳语提供上下文",半真需求,活跃,2026-04-01,https://github.com/letta-ai/claude-subconscious,"2,466 stars（本周+1,258），Letta 开源；面临 Anthropic 内置类似功能的风险"
Sora 关停,多模态生成 / 创意工具,2026-03-26,2026-03-26,AI 视频生成 + 社交分享 + 创作者工具,OpenAI 突然宣布关停 Sora App、API，取消迪士尼 10 亿美元合作，算力转向机器人和 AGI 研究,真需求但产品未验证,已关停,2026-04-01,https://venturebeat.com/technology/openai-is-shutting-down-sora-its-powerful-ai-video-app,2026 年最戏剧化的战略撤退；迪士尼合作从签约到取消不到 4 个月
Claude Mac Control + Dispatch,AI Agent / 自动化,2026-03-26,2026-03-26,让 AI 直接操作桌面电脑 + 手机远程遥控下达任务,Anthropic 推出 Mac 桌面控制（Cowork + Claude Code）+ Dispatch 手机遥控，分层策略：API连接器→Chrome扩展→屏幕操作,真需求,活跃,2026-04-01,https://venturebeat.com/technology/anthropics-claude-can-now-control-your-mac,第一个把桌面控制+手机遥控+开发者工具串联的 Agent；隐私和信任是核心挑战
ARC-AGI-3,基础模型 / 平台,2026-03-26,2026-03-26,衡量 AI 的交互式学习能力而非静态解题能力,ARC Prize 从静态谜题升级为交互式环境探索，测试规划、记忆压缩和信念更新；HN 201分/140+评论,真需求,活跃,2026-04-01,https://arcprize.org/arc-agi/3,设定了更本质的 AGI 标尺：学习效率差距=未达 AGI；对研究方向有实质影响
Ensu (Ente),基础模型 / 平台,2026-03-26,2026-03-26,本地优先 LLM 聊天 App，零云依赖、零费用、完全隐私,Ente 团队（端到端加密照片备份）开源，Rust 核心，跨平台 iOS/Android/macOS/Linux/Windows；HN 320分/144评论,真需求,活跃,2026-04-01,https://ente.com/blog/ensu/,短期 niche（隐私极客/离线用户），长期如果本地模型继续进步可能成为入口；团队有交付记录
oh-my-claudecode,AI 编程 / 开发工具,2026-03-27,2026-04-01,多 agent 团队编排 Claude Code，让多个 agent 并行执行规划-PRD-编码-验证-修复流水线,"更新：18,928 stars（今日+1,127），三天净增 4,200+，连续一周 GitHub Trending 全榜前三",真需求,活跃,2026-04-01,https://github.com/Yeachan-Heo/oh-my-claudecode,"19,038 stars（从 14.6k 增到 19k），本周+6,933，日增 1,126；多 agent 编排 Claude Code 加速增长"
Dexter,AI Agent / 自动化,2026-03-27,2026-04-01,自主金融研究——自动规划研究步骤、调用实时市场数据、自我验证并迭代,"更新：19,654 stars（今日+673），稳定在 GitHub Trending 前列",半真需求,活跃,2026-04-01,https://github.com/virattt/dexter,"20,676 stars（从 ~19.6k 增），金融研究 agent 持续在 Trending"
Chandra OCR 2,搜索 / 研究工具,2026-03-27,2026-04-01,文档智能 OCR——把扫描件、手写笔记、复杂表格和多语言文档转成结构化 Markdown/HTML/JSON,"更新：7,568 stars（今日+679），连续三天 GitHub Trending；来自 Surya/Marker 作者",真需求,活跃,2026-04-01,https://github.com/datalab-to/chandra,"8,103 stars（从 ~4k 翻倍），本周+3,007；文档 OCR 赛道持续热"
Cloudflare Dynamic Workers,AI Agent / 自动化,2026-03-27,2026-03-27,给 AI agent 代码执行提供毫秒启动、极低内存的沙箱运行层,Cloudflare 发布 Dynamic Workers open beta，号称比容器快 100x、省内存 10-100x；把 MCP 转 TypeScript API 可省 81% token,真需求,活跃,2026-04-01,https://venturebeat.com/infrastructure/cloudflares-new-dynamic-workers-ditch-containers-to-run-ai-agent-code-100x,不是又一个沙箱，而是把 agent 代码执行做成基础设施层级产品；Cloudflare 全球网络是核心竞争力
DeepSeek Engram,基础模型 / 平台,2026-03-27,2026-04-01,给 LLM 加条件记忆模块——用 N-gram 嵌入做 O(1) 知识查找，补充 MoE 的条件计算能力,"4,134 stars，今日+71；论文提出 MoE+静态记忆的 U 形缩放定律，27B 模型全面优于 MoE baseline",真需求,降温,2026-04-01,https://github.com/deepseek-ai/Engram,"4,198 stars 但最后推送停在 1/14，近三个月无代码更新；论文热度消退"
Google TurboQuant,基础模型 / 平台,2026-03-27,2026-03-27,极端压缩 AI 向量——零精度损失下压缩 KV cache 和向量搜索，缓解推理内存瓶颈,HN 537分/154评论；ICLR 2026 发表，PolarQuant+QJL 两阶段方案消除传统量化开销,真需求,活跃,2026-04-01,https://research.google/blog/turboquant-redefining-ai-efficiency-with-extreme-compression/,不是工程 trick 而是理论突破；对 KV cache 压缩和大规模向量搜索都有实质影响
RuView WiFi DensePose,AI Agent / 自动化,2026-03-27,2026-04-01,用 WiFi 信号做人体姿态估计、生命体征监测和存在检测——不需摄像头,GitHub Trending 全榜出现；ESP32 传感器成本约 $54，支持呼吸/心率/穿墙检测，Rust 核心 54K fps,半真需求,活跃,2026-04-01,https://github.com/ruvnet/RuView,"44,955 stars，持续增长；WiFi 人体检测工程化"
AI-Scientist-v2,基础模型 / 平台,2026-03-28,2026-04-01,科研论文全流程自动化——从假设到实验到成文,"更新：4,046 stars（今日+240），GitHub Python Trending 持续出现",半真需求,活跃,2026-04-01,https://github.com/SakanaAI/AI-Scientist-v2,"4,216 stars（从 ~2.8k 增），本周+1,814；GitHub Trending 全榜/Python 榜持续出现"
Microsoft VibeVoice,基础模型 / 平台,2026-03-28,2026-04-02,统一语音 AI 框架——60 分钟长音频 ASR、90 分钟多说话人 TTS、实时流式语音,"连续六天 GitHub Trending 全榜第一，34,375 stars，今日+1,704；增速回落但仍居榜首",真需求,活跃,2026-04-02,https://github.com/microsoft/VibeVoice,"34,375 stars，六天突破 3.4 万星；日增从 3.8k 回落到 1.7k 但仍居全榜第一；语音 AI 赛道持续升温"
OpenSpec,AI 编程 / 开发工具,2026-03-28,2026-04-01,AI 编码前的规格对齐——让人和 AI 先约定 proposal/specs/design/tasks 再动手写码,"约 34,926 stars，今日 +339；直接对标 GitHub Spec Kit 和 AWS Kiro，支持 20+ AI 助手",真需求,活跃,2026-04-01,https://github.com/Fission-AI/OpenSpec,"36,061 stars，规格驱动开发方向"
xMemory,基础模型 / 平台,2026-03-28,2026-03-28,用四层语义层级解决 Agent 长期记忆的冗余检索和 token 浪费问题,VentureBeat 报道；King's College London + Alan Turing Institute；token 用量从 9000+ 降到约 4700/query,真需求,活跃,2026-04-01,https://arxiv.org/abs/2602.02007,学术研究阶段，方法论有实际价值；如果被集成进主流框架会直接降低 Agent 运营成本
TrustGraph,基础模型 / 平台,2026-03-28,2026-04-01,给 Agent 和 RAG 做统一上下文图谱平台——合并关系数据库、向量库、图谱和文档存储,"约 1,706 stars，今日 +109，GitHub Python Trending；Supabase for context graphs 定位清晰",真需求,活跃,2026-04-01,https://github.com/trustgraph-ai/trustgraph,"1,901 stars（从 ~1,706 增），上下文图谱平台"
AgentScope,AI Agent / 自动化,2026-03-29,2026-04-01,生产级 Agent 框架——构建、部署和运维 ReAct/多 Agent/语音 Agent/人机协作/MCP/A2A,阿里旗下框架，GitHub Trending 日榜出现；支持 K8s 部署、OTel、Agentic RL 微调，刚推出 CoPaw 个人 Agent 工作台,真需求,活跃,2026-04-01,https://github.com/agentscope-ai/agentscope,"22,625 stars，阿里 agent 框架；GitHub Trending 出现"
Claude Agent SDK Python,AI 编程 / 开发工具,2026-03-29,2026-04-01,让开发者用 Python 编程方式调用 Claude Code 作为 Agent 运行时——工具编排/自定义 MCP/Hook 拦截/权限管理,"Anthropic 官方 SDK，约 5,921 stars；内置 Claude Code CLI，SDK MCP Server 进程内运行消除子进程开销",真需求,活跃,2026-04-01,https://github.com/anthropics/claude-agent-sdk-python,"6,007 stars，Anthropic 官方；Claude Code 升级为可编程 Agent Runtime"
learn-claude-code,AI 编程 / 开发工具,2026-03-29,2026-04-01,从零理解 AI agent 架构——用纯 Bash 实现类 Claude Code 的 agent harness，降低开发者对 agent 底层逻辑的认知门槛,"更新：42,629 stars（今日+908），连续两天 GitHub Trending 全榜前列",真需求,活跃,2026-04-01,https://github.com/shareAI-lab/learn-claude-code,"45,161 stars（从 ~42.6k 增），教程类项目中罕见的持续热度"
json-render,AI 编程 / 开发工具,2026-03-29,2026-04-01,让 AI 生成动态 UI 时受组件目录约束——可靠、可预测、跨平台的 Generative UI,"Vercel Labs 出品，约 13,615 stars；支持 React/Vue/Svelte/Solid/React Native/Remotion/PDF/Email/3D 等 12 种渲染目标",真需求,活跃,2026-04-01,https://github.com/vercel-labs/json-render,"13,799 stars，Vercel Labs 出品；受控 Generative UI"
webnovel-writer,多模态生成 / 创意工具,2026-03-29,2026-03-29,用 Claude Code 做 200 万字级长篇网文连载辅助——解决 AI 写作的遗忘和幻觉问题,"约 2,059 stars；作为 Claude Code plugin 直接安装；内置 RAG、实体图谱、追读力分析、Dashboard 可视化",半真需求,活跃,2026-04-01,https://github.com/lingfengQAQ/webnovel-writer,"2,170 stars，网文 agent"
Agentation,AI 编程 / 开发工具,2026-03-29,2026-03-29,给 AI coding agent 提供可视化反馈——点击页面元素标注 selector 和位置信息再喂给 agent,"约 3,181 stars；零依赖 React 组件，支持点选、框选、文本选择、动画暂停，输出结构化 Markdown",真需求,活跃,2026-04-01,https://github.com/benjitaylor/agentation,"3,251 stars，视觉反馈工具"
claude-skills,AI 编程 / 开发工具,2026-03-30,2026-04-01,给 AI coding agent 提供跨平台可复用的领域技能插件库——安全审计/SEO/合规/营销等,"7,918 stars，今日+244；支持 11 种 AI 编码工具，205 个技能 + 268 个零依赖 Python CLI",真需求,活跃,2026-04-01,https://github.com/alirezarezvani/claude-skills,"8,399 stars（从 ~7.9k 增），本周+1,656；220+ 技能插件"
claude-howto,AI 编程 / 开发工具,2026-03-30,2026-04-01,为 Claude Code 提供从零到高级的结构化可视化学习路径和可复制模板,"更新：12,841 stars（今日+2,390），连续三天 GitHub Trending 全榜前二；三天从 6.5k 到 12.8k",半真需求,活跃,2026-04-01,https://github.com/luongnv89/claude-howto,"13,010 stars（从 ~6.5k 翻倍），日增 2,390；GitHub Trending 日榜第一；教程需求爆发"
Voxtral TTS,基础模型 / 平台,2026-03-30,2026-03-30,给企业提供可自托管、完全可控的语音合成能力,Mistral 开源权重正面挑战 ElevenLabs；3B 参数、3GB 内存、笔记本可跑；9 语种 5 秒声音克隆；人类评测 62.8% 偏好率胜 ElevenLabs Flash,真需求,活跃,2026-04-01,https://mistral.ai/news/voxtral-tts,语音 AI 赛道激烈开战；Mistral 企业全栈最后一块拼图；真实门槛是边缘场景鲁棒性而非 demo 好听
ElevenLabs × IBM,企业服务 / SaaS,2026-03-30,2026-03-30,把高质量语音能力接入 IBM watsonx Orchestrate 平台用于企业 Agent 语音场景,ElevenLabs 和 IBM 本周宣布合作；语音 AI 全球市场 2026 年突破 220 亿美元,真需求,活跃,2026-04-01,https://newsroom.ibm.com/2026-03-25-enterprise-ai-finds-its-voice-elevenlabs-and-ibm-bring-premium-voice-capabilities-to-agentic-ai,ElevenLabs 向企业市场加速渗透的信号；与 Mistral 开源策略形成正面竞争
Claude Agent SDK Python,AI 编程 / 开发工具,2026-03-29,2026-04-01,让开发者用 Python 编程方式调用 Claude Code 作为 Agent Runtime,Anthropic 官方 SDK 约 5921 stars；Claude Code 从终端工具升级为可编程 Agent Runtime,真需求,活跃,2026-04-01,https://github.com/anthropics/claude-agent-sdk-python,"6,007 stars，Anthropic 官方；Claude Code 升级为可编程 Agent Runtime"
Microsoft Agent Lightning,基础模型 / 平台,2026-03-31,2026-04-01,用 RL、自动提示优化和微调来系统性训练和改进 AI Agent 的决策质量,微软官方出品，登上 GitHub Trending Python 榜；零代码改动兼容所有主流 agent 框架；腾讯 Youtu-Agent 已验证 128 GPU 规模训练,真需求,活跃,2026-04-01,https://github.com/microsoft/agent-lightning,"16,221 stars，微软出品；Agent RL 训练从学术走向基础设施"
OpenBB,企业服务 / SaaS,2026-03-31,2026-04-01,给量化、分析师和 AI agent 提供统一金融数据接口，覆盖 Python/Excel/MCP/REST,登上 GitHub Trending 全榜+Python 榜，约 4.5 万 stars；从终端工具转型为 Open Data Platform，内置 MCP Server 直接对接 AI agent,真需求,活跃,2026-04-01,https://github.com/OpenBB-finance/OpenBB,"64,823 stars（从 ~4.5 万飙升到 6.5 万），从终端工具成功转型 AI-native 金融数据平台"
Coasts,AI 编程 / 开发工具,2026-03-31,2026-03-31,"给多 coding agent 并行开发提供隔离的全栈运行环境（Git worktree + Docker），""HN Show HN 52 分；不绑定任何 AI 提供商，Rust daemon + 离线优先；已有 Claude Code/Codex/Cursor/Conductor 演示""",真需求,活跃,降温,2026-04-01,方向对但需求尚未普及；macOS-first，Linux 不完整；更像是提前布局多 agent 并行开发的下一步,仅 264 stars，多 agent 并行开发隔离环境概念好但采纳率低
claude-code-best-practice,AI 编程 / 开发工具,2026-03-31,2026-04-01,结构化 Claude Code 最佳实践手册——Subagent/Command/Skill/Hook/MCP/Plugin 全覆盖,GitHub Trending 全榜出现；Claude Code v2.1.87 对应的实战参考，覆盖面最全的单一实践指南,半真需求,活跃,2026-04-01,https://github.com/shanraisshan/claude-code-best-practice,"28,642 stars，Claude Code 实践指南覆盖面最全"
TaxHacker,企业服务 / SaaS,2026-04-01,2026-04-01,自由职业者和小企业的发票收据追踪与自动分类,"vas3k 开源，GitHub Trending 全榜 325 stars/天，约 3,700 stars；自托管+LLM+隐私优先",真需求,活跃,2026-04-01,https://github.com/vas3k/TaxHacker,"3,734 stars，vas3k 开源自托管 AI 记账"
Runway Builders Fund,多模态生成 / 创意工具,2026-04-01,2026-04-01,资助用 Runway 模型做交互式、实时视频智能应用的早期创业团队,Sora 关停后 Runway 反向加注，TechCrunch 3/31 独家报道 $10M 基金+加速器,半真需求,活跃,2026-04-01,https://techcrunch.com/2026/03/31/exclusive-runway-launches-10m-fund-builders-program-to-support-early-stage-ai-startups/,不是产品而是生态投资策略；Sora 退场后的市场真空是直接触发因素
Claude Code Source Leak,AI 编程 / 安全,2026-04-01,2026-04-01,AI 工具透明度与开发者信任,npm 包意外包含 .map 文件暴露完整源码；HN 1853 分/905 评论,事件,事件,2026-04-01,https://alex000kim.com/posts/2026-03-31-claude-code-source-leak/,Anthropic 一周内第二次意外暴露；揭示反蒸馏、undercover 模式、API DRM
OpenAI $852B Funding,基础模型 / 平台,2026-04-01,2026-04-01,AI 基础设施投资与 IPO 路径,1220 亿美元融资关闭 估值 8520 亿；月收入 20 亿但仍亏损,真需求,活跃,2026-04-01,https://www.cnbc.com/2026/03/31/openai-funding-round-ipo.html,史上最大 AI 融资轮；IPO 压力下正收缩产品线
Cohere Transcribe,基础模型 / 语音 AI,2026-04-01,2026-04-01,企业级语音转文字,HuggingFace Open ASR Leaderboard 第一 WER 5.42%；2B Conformer；Apache 2.0,真需求,活跃,2026-04-01,https://cohere.com/blog/transcribe,继 Mistral Voxtral TTS 后又一语音 AI 开源标杆
Slack AI 30 Features,企业服务 / SaaS,2026-04-01,2026-04-01,企业聊天工具升级为 AI-native 工作台,Slackbot GA 不到 3 个月推出 30 个 AI 功能,真需求,活跃,2026-04-01,https://venturebeat.com/orchestration/slack-adds-30-ai-features-to-slackbot-its-most-ambitious-update-since-the,企业 AI 渗透加速的标志性事件
Softr AI Co-Builder,企业服务 / SaaS,2026-04-02,2026-04-02,"非技术人员需要定制化业务软件（CRM、门户、运营工具），但 vibe coding 生成的代码维护不了","100万+用户和 7000 家企业（含 Netflix/Google/Stripe）基础上推出 AI 原生平台；直接打 vibe coding 的生产可靠性软肋",真需求,活跃,2026-04-02,https://venturebeat.com/technology/softr-launches-ai-native-platform-to-help-nontechnical-teams-build-business,用预构建组件而非代码生成保证可靠性；定位精准但面临 Salesforce 和 Cursor/Replit 两面夹击
ThinkLabs AI,企业服务 / SaaS,2026-04-02,2026-04-02,"电网扩容规划需要月级别模拟，AI 数据中心和电动车增长让瓶颈更严重","Nvidia NVentures 领投 $28M Series A，Edison International 和 GE Vernova 跟投；物理信息 AI 模型把月级研究压到 3 分钟，精度 >99.7%",真需求,活跃,2026-04-02,https://venturebeat.com/infrastructure/nvidia-backed-thinklabs-ai-raises-usd28-million-to-tackle-a-growing-power,AI 从内容生成走向物理基础设施的典型案例；竞争对手是 Siemens/GE/Schneider 等巨头
Google TimesFM 2.5,基础模型 / 平台,2026-04-02,2026-04-02,"时序预测依赖手工特征工程和领域专家，缺少通用基础模型","Google Research 出品，200M 参数（减半），16K 上下文（8倍提升），连续分位数预测；12k stars，今日+358；已进入 BigQuery 产品线",真需求,活跃,2026-04-02,https://github.com/google-research/timesfm,"GitHub 热度发现；ICML 2024 论文；BigQuery 集成说明不是实验项目；时序预测基础模型方向的领先者"
TrendRadar,搜索 / 研究工具,2026-04-02,2026-04-02,"跨平台舆情监控和热点聚合，个人和团队需要低成本自部署方案","GitHub Trending Python 榜出现；Docker 一键部署+MCP 架构+微信/飞书/Telegram 等多渠道推送；中文社区传播强",半真需求,活跃,2026-04-02,https://github.com/sansan0/TrendRadar,"GitHub 热度发现；轻量自托管舆情工具；MCP 集成是亮点但独立产品化路径模糊"
Google TimesFM 2.5,基础模型 / 平台,2026-04-02,2026-04-02,时间序列预测的基础模型——金融预测、库存管理、能源调度等场景零样本迁移,2.5 版本参数从 500M 压到 200M、上下文 16K、新增分位数预测；已集成 BigQuery,真需求,活跃,2026-04-02,https://github.com/google-research/timesfm,"12,036 stars（日+358），GitHub Trending 日榜；ICML 2024 论文"
Claude FreeBSD Kernel RCE,AI 编程 / 安全,2026-04-02,2026-04-02,AI 自主发现并编写完整内核级远程代码执行漏洞利用链,Califio 团队发布 CVE-2026-4747 write-up；HN 239 分/105 评论,事件,事件,2026-04-02,https://github.com/califio/publications/blob/main/MADBugs/CVE-2026-4747/write-up.md,AI 安全攻防里程碑：首次公开记录 AI 自主完成 kernel RCE 全链条
StepFun 3.5 Flash,基础模型 / 平台,2026-04-02,2026-04-02,AI agent 场景下的极致性价比模型,OpenClaw Arena 300+ 场对战成本效率维度第一；HN 128 分/56 评论,真需求,活跃,2026-04-02,https://app.uniclaw.ai/arena,"阶跃星辰出品；中国 AI 模型首次在国际 agent 竞技场性价比维度登顶"
Intuit Intelligence,企业服务 / SaaS,2026-04-02,2026-04-02,中小企业财务行政工作（发票、记账、工资单、税务）AI agent 自动化,300 万用户 85% 复用率；发票全额支付率 90%；手工工作减少 30%,真需求,活跃,2026-04-02,https://venturebeat.com/orchestration/intuits-ai-agents-hit-85-repeat-usage-the-secret-was-keeping-humans-involved,"AI-HI（AI+人类专家）模式验证；27 年第一方数据护城河"
TrendRadar,搜索 / 研究工具,2026-04-02,2026-04-02,AI 舆情监控与多平台热点聚合推送,GitHub Trending Python 榜出现；Docker 一键部署+MCP 架构接入+多渠道推送,半真需求,活跃,2026-04-02,https://github.com/sansan0/TrendRadar,"轻量自托管舆情工具，适合个人和小团队"
oh-my-codex (OmX),AI 编程 / 开发工具,2026-04-03,2026-04-03,给 Codex CLI 补上需求澄清、方案审批和多 agent 并行执行的标准工作流,"GitHub Trending 日榜，11,543 stars，日增 2,852；复制 oh-my-claudecode 模式到 Codex 生态",真需求,活跃,2026-04-03,https://github.com/Yeachan-Heo/oh-my-codex,"GitHub 热度发现；同一作者已有 oh-my-claudecode (19k stars) 经验，Codex 生态首个对标增强层"
Onyx,基础模型 / 平台,2026-04-03,2026-04-03,"企业/团队私有部署的一站式 AI 平台——RAG、深度研究、Agent、代码执行、MCP 集成","v3.0 版本功能整合爆发，GitHub Python Trending 周增 2,410，总 21,811 stars",真需求,活跃,2026-04-03,https://github.com/onyx-dot-app/onyx,"GitHub 热度发现；开源 ChatGPT+Perplexity+NotebookLM 替代方案；面临 Dify、Open WebUI 竞争"
